200088,"Bloc Party- The Prayer",anybody,751,0,10
200108,"Charlotte Gainsbourg- Songs That We Sing",anybody,1964,2,23
200197,"5@5 vignettes",anybody,119,3,8
200256,"hurdy gurdy",anybody,236,5,7
200354,"Musical 5 X 5 X Ctd3",anybody,125,10,7
200371,"the scrotum song lipdub ",anybody,1382,12,8
200373,"Elevator Race - Nath x Naty",contacts,139,14,8
200403,"shark dance",anybody,193,5,7
200426,"DIY video light Test 1",anybody,3115,3,7
200448,"5 Vignettes",anybody,227,5,9
200461,"I help an ant",nobody,878,19,20
200526,"Jump Around",purgatory,142,7,10
200529,"5 VIGNETTES",contacts,244,16,20
200558,"100 Digits of Pi in 30(ish) Days. Epi. 1: Accepting the Challenge",anybody,427,19,8
200587,"first video with new camera",nobody,900,32,21
200655,Hitler,anybody,1604,4,8
200698,Eyelash,anybody,1375,8,8
200740,Letterbox,anybody,128,21,7
200779,"Reminders of Then",anybody,94,4,7
200844,"Robert Reich's vlog, May 30, 2007",anybody,1812,8,10
200950,"5 Vignettes",anybody,300,6,10
200987,"5 Vignettes 1",anybody,170,8,9
201071,5x5,anybody,100,7,10
201084,"Lip Dubbing-Kate Bush, Running up that hill.",anybody,307,12,9
201149,"Vimeo Band 1.0",anybody,66,4,7
201155,"Vimeo Sings! Star Spangled Banner",anybody,286,14,10
201188,"Me Right Now",anybody,87,7,6
201234,"My 5x5 Vignette",anybody,229,8,9
201290,"The Arcade Fire (Laika) -  Sasquatch '07",anybody,156,2,7
201292,"Bjork - Sasquatch festival '07",anybody,483,7,7
201302,"i'm.  batman.",anybody,176,17,11
201342,"Vimeo Sings! Bohemian Rhapsody",anybody,386,15,11
201358,"Vimeo Light Streaks.",nobody,791,13,11
201359,Selftitled,anybody,714,4,7
201367,"Five Vignettes",anybody,193,16,16
201536,"5 Vignettes",anybody,255,4,8
201589,"Hair: [Not] The Musical",anybody,4150,22,10
201635,"Airships Fill the Sky / Unsimulatable preview",anybody,2011,2,11
201700,"The Kitten Vs the Bird 10 Rounds",anybody,1114,0,6
201713,"Important video!Conference de Presse de Adnan Oktar (Harun Yahya), Istanbul, 25 Mai 2007-05-31/ Part 1",anybody,111,3,17
201728,"Important video!Conference de Presse de Adnan Oktar (Harun Yahya), Istanbul, 25 Mai 2007-05-31/ Part -2",anybody,95,4,12
201750,"Important video!Conference de Presse de Adnan Oktar (Harun Yahya), Istanbul, 25 Mai 2007-05-31/ Part-3",anybody,99,1,9
201765,"Important video!Conference de Presse de Adnan Oktar (Harun Yahya), Istanbul, 25 Mai 2007-05-31/ Part-4",anybody,76,1,12
201768,"Important video!Conference de Presse de Adnan Oktar (Harun Yahya), Istanbul, 25 Mai 2007-05-31/ Part-5",anybody,83,1,13
201830,"Conference de Presse de Adnan Oktar (Harun Yahya), Istanbul, 25 Mai 2007, Radisson SAS/Part-1",anybody,67,2,8
201839,HUSTLE,anybody,1357,5,6
201854,"Chris at South of the Border",anybody,1032,7,10
201855,linesagain,anybody,293,0,7
201869,"Conference de Presse de Adnan Oktar (Harun Yahya), Istanbul, 25 Mai 2007 Radisson SAS Part-2",anybody,73,1,9
201917,"Mini ramp Session",anybody,1571,3,7
201956,"Visit to the Aerospace Museum",contacts,192,15,10
202001,cyrus,nobody,134,5,7
202026,Generico,anybody,573,9,10
202059,"Ice Cream!",anybody,190,15,7
202067,"Sneaking Into Graduation",nobody,1420,14,10
202080,"5 vignettes: Transported to Hawai'i",contacts,152,11,11
202147,"Conference de Presse de Adnan Oktar (Harun Yahya), Istanbul, 25 Mai 2007 Radisson SAS Part-3",anybody,39,2,8
202156,"Conference de Presse de Adnan Oktar (Harun Yahya), Istanbul, 25 Mai 2007 Radisson SAS Part-4",anybody,47,1,9
202161,"Conference de Presse de Adnan Oktar (Harun Yahya), Istanbul, 25 Mai 2007 Radisson SAS Part-5",anybody,61,1,10
202172,"Conference de Presse de Adnan Oktar (Harun Yahya), Istanbul, 25 Mai 2007 Radisson SAS Part-6",anybody,79,1,9
202188,"5 Vignettes",anybody,126,3,6
202208,"5 vignettes (3)",anybody,160,2,11
202210,"Meet Maddox Milo Morton",anybody,120,5,8
202233,"Thinking in the Hammock",anybody,231,5,7
202247,"Sadako And The Cranes",anybody,970,12,10
202329,"Shadow World - episode 1 - resumes",anybody,95,6,6
202368,"Life of BK #5:  Self Inflicted Nocturnal Cockblocking",contacts,1123,10,31
202392,"vimiette two",anybody,164,5,13
202428,"Two of my internet worlds collide ",anybody,156,3,6
202466,"Grandma's First Photo Booth Session",anybody,7260,61,115
202529,"My Dad's Caddy",contacts,229,18,12
202559,"Walk This Way",anybody,227,16,6
202565,"Davey Dance Blog -1- VATICAN - Tom Waits - ""Chocolate Jesus""",anybody,5087,11,28
202572,"Davey Dance Blog -2- FIRENZE - Maroon Five - ""Harder To Breathe""",anybody,3987,7,16
202585,"Davey Dance Blog -3- PISA - The Beatles - ""Don't Let Me Down""",purgatory,3310,7,23
202602,"Davey Dance Blog -4- FIRENZE - Vanilla Ice - ""Havin a Roni""",anybody,3542,6,7
202613,"Davey Dance Blog -5- ROMA - Peter Bjorn and John - ",anybody,3947,7,40
202617,"May 2007",anybody,177,5,8
202624,"Davey Dance Blog -6- PARIS - Katerine - ""Apres Moi""",anybody,4807,16,61
202634,"5x5 = 26",anybody,128,13,7
202635,"Davey Dance Blog -7- ROUEN - Modest Mouse - ""Tiny Cities Made of Ashes""",anybody,2676,2,19
202662,"What Jeremy Cowart Loves About Wedding Photography",anybody,1467,2,6
202677,"5...shit, 6",nobody,153,19,10
202688,"I need a Job",anybody,146,22,13
202692,"5 Vignettes",anybody,281,8,7
202803,"5 Vignettes",anybody,220,7,10
202810,"Lip Dubbing : Grace Kelly by Mika",contacts,338,7,7
202812,"the fives",anybody,120,4,8
202845,"Ed Pearlman",anybody,180,6,8
202916,Me-ow,anybody,114,2,8
203011,"8mm & Super8 Film Experimental Collage",anybody,709,9,24
203014,"ELECTRO NIGHT 2 - Martin's 24th Birthday",anybody,544,35,22
203066,"Lip Dubbing: Andrew W.K. - Party Hard",anybody,531,12,15
203101,"Yellow Spring",anybody,107,3,9
203155,"Particle Tree .........................................................................",anybody,933,3,13
203228,"something about bandits",anybody,142,10,7
203254,"My Brain ...........................................................................................",anybody,1550,9,25
203255,"Kiki & the annuals",anybody,57,8,6
203301,"Lip dubbing - Too Young",anybody,336,5,6
203306,"I like my boomstick!",anybody,322,5,8
203338,"Funny Balloon Baby",anybody,177,8,12
203380,"Chocolate Flavoured Roflcopters",anybody,1768,16,32
203395,"Rabbit Grooming",anybody,173,7,6
203411,"my dad took my dog and i to the mall",anybody,290,33,21
203509,"Stickam Strikes Again",anybody,197,9,7
203531,"caribbean trailer",anybody,1014,14,9
203579,"Fourth five by five ( 5 Vignettes)",anybody,112,10,9
203678,"Davey Dance Blog - MONT ST. MICHEL - Modest Mouse - ""Float On""",anybody,3688,10,32
203698,"Davey Dance Blog -9- MONTMARTRE - The Postal Service - ""Such Great Heights""",anybody,4453,19,57
203702,"Davey Dance Blog -10- PARIS - Andrew Thompson - ""There Must Be Some Misunderstanding""",anybody,3602,3,15
203713,"Davey Dance Blog -11- LACANAU - Weezer - ""Across The Sea""",anybody,3104,4,16
203719,"Computer Sings About the Devil",anybody,1987,4,10
203723,"Davey Dance Blog -12- BARCELONA - I'm From Barcelona - ""Treehouse""",anybody,4270,13,46
203760,"Mountain Dew.",anybody,123,6,7
203830,"US Military Vs MySpace",anybody,110,6,13
203881,"Beep (Noah Dancing)",anybody,138,5,8
203904,"""Fuck"" and my mother.",anybody,6211,2,8
203919,"Myriad --New Extended Opening--",nobody,184,16,12
203961,"5 Vignettes II",anybody,225,3,10
203997,Tokyo,anybody,786,2,6
204043,"First Friday Art Walk, Honolulu, Hawai'i",anybody,466,27,11
204248,"5 Vignettes - Brooklyn Saturday",anybody,1437,7,12
204263,"5 Vignettes",nobody,174,0,7
204272,Holwerdaaaa!!!,nobody,460,9,17
204275,"Tangible Sequencer French Counting",anybody,633,1,12
204280,"Dad's Spanish Talk",contacts,244,17,16
204290,yoshimi.,anybody,133,4,6
204291,"Kraak & Smaak - Money In The Bag",anybody,397,0,8
204336,HOLWERDAAAAAA!,contacts,268,19,17
204346,Hello,anybody,155,24,15
204366,"RIP TAK(e) IT IN",anybody,105,2,6
204535,"Too Many Tacos?",anybody,435,30,9
204588,meshdeform,anybody,655,4,8
204608,"5 vignettes",anybody,254,9,6
204657,"Fall From Grace",anybody,240,6,6
204658,"Sam Reich: Professional Baller",anybody,7960,27,31
204756,"The Worldâ€™s Largest and Most Engaging Aquarium",anybody,706,5,7
204759,"useless overdubs",contacts,132,3,8
204829,"Dotally Bike Ride",nobody,64,16,8
204940,DEMOLITION,anybody,186,14,7
204975,"Backroom Terror",anybody,212,14,8
205020,"craig getting shot with an automatic bb gun",anybody,2621,7,11
205158,Holwerdaaaaaaaa!,anybody,254,8,8
205161,"return of vlog",nobody,342,17,23
205255,"lipsync funiculi numerick",anybody,430,5,7
205446,"Lucidhouse vs D.A.R.Y.L > live at the Loft with MICROCHUNK",anybody,513,6,11
205547,Gangster,anybody,273,6,9
205599,"drat drat",nobody,159,14,12
205610,"Michael Nakajima Video Blog",nobody,235,18,15
205649,"451: North Carolina",anybody,317,2,6
205757,"After the rains",anybody,89,6,7
205829,"The Call",anybody,233,17,6
205836,"Atlantic City!",nobody,251,6,6
205843,"part 2: stay with me",nobody,242,17,13
205855,"Gabriel Teodros ""No Label (Esma Remix)"" Music Video",anybody,528,1,6
205859,"Puddles FiVe bY FiVe ( 5 Vignettes )",anybody,106,5,6
206000,1983,anybody,108,19,17
206032,"Frisbee Air Bounce",anybody,1215,9,10
206052,"My 5 Vignettes 01",anybody,127,10,10
206057,40x1,anybody,182,16,17
206071,"My 5 Vignettes 02",anybody,150,4,8
206083,"sunday trailer 2",password,8423,3,9
206200,"Lip Dub (duet!) - Nothing Better",anybody,4711,100,120
206274,"Randy Jones @ MUTEK 2007 _ [tV]",anybody,258,3,6
206349,"A strange occurrence. ",anybody,361,3,6
206373,mongoose,anybody,269,9,7
206401,Placebo,anybody,210,3,8
206443,"Dogs That Shoot Bees From Their Mouths When They Bark...Ok, Not Really. It's Just Bees.",anybody,203,5,6
206452,"TO THE USERS OF VIMEO",nobody,1191,117,97
206601,1st,anybody,168,10,7
206671,"Scruff_E_Guy's Voices Part D'oh...Contemporary Culture Moment",anybody,90,12,6
206723,"Rocking Out",anybody,82,3,6
206725,"...My Problem with this Microwave...and an apology",anybody,355,25,26
206742,"Scary T Rex",contacts,263,17,12
206787,"my taco flavored kisses",anybody,3901,8,6
206822,"My 5 Vignettes 03",anybody,114,4,12
206823,"My 5 Vignettes 04",anybody,118,4,12
206825,"My 5 Vignettes 05",anybody,137,0,13
206826,"My 5 Vignettes 06",anybody,163,9,16
206876,"Kalaharjo Pictures Intro",anybody,143,15,9
206902,"chicken bump 04",anybody,105,2,9
206991,"street slinger",contacts,93,4,6
207016,"Lip Dubbing: Since U Been Gone",anybody,1321,6,14
207025,"The more you try to erase me...",anybody,1064,1,7
207105,"May 07",anybody,117,2,8
207118,"Contemporaneous Architecture with Gary Gehry",anybody,1552,13,17
207132,"Shakesperian Thriller (fixed)",anybody,270,11,8
207218,"bringing ""oua-oua"" back",anybody,303,7,10
207249,"Born In To This (1969)",anybody,157,13,13
207261,"Five Vignettes",anybody,139,1,10
207265,"5 Vignettes 2",anybody,119,2,9
207277,"Enough Stones: A documentary about Homer Shadowheart ",anybody,490,32,21
207339,"volando cometas ",contacts,176,6,7
207366,"Daughter's First Video Editing",anybody,1237,25,30
207406,"desperately seeking a few good men",nobody,184,16,8
207407,"In the Stonework",anybody,117,15,11
207502,"Davey Dance Blog -13- AVIGNON - Jean Sablon - ""Sur le Pont d'Avignon""",anybody,3093,6,17
207506,"Davey Dance Blog -14- VERSAILLES - Otis Redding - ""Satisfaction""",anybody,4294,6,40
207507,"okee dokey",anybody,93,7,8
207511,"Davey Dance Blog -15- PARIS - Sir Mix-A-Lot - ""Baby Got Back""",anybody,5083,14,49
207525,"Davey Dance Blog -16- AMSTERDAM - Jackie Wilson - ""Your Love Is Lifting Me (Higher)""",anybody,6696,9,42
207537,"Davey Dance Blog -17- ANNE FRANK HOUSE - Michael Jackson - ""Smooth Criminal""",anybody,3922,20,43
207684,"Radio Edit",password,97,2,6
207690,"5x5 (5)",anybody,136,8,11
207709,"Cinco minivideos",anybody,190,11,11
207721,"Davey Dance Blog -18- BERLIN - Cold War Kids - ""We Used To Vacation""",anybody,3403,12,34
207723,"Davey Dance Blog -19- BERLIN - The Beatles - ""Back In The USSR""",anybody,2675,7,13
207727,"The Other Mummy",anybody,180,18,20
207730,"Davey Dance Blog -20- BERLIN - Bruce and Bongo - ""Geil""",anybody,2632,6,25
207737,"Davey Dance Blog -21- MAINZ - Simian - ""Never Be Alone""",anybody,4273,13,37
207744,"Davey Dance Blog -22- OPPENHEIM - The Arcade Fire - ""Windowsill""",anybody,2738,5,8
207757,"5 vignettes",users,1046,14,11
207778,"what we do at newport university",anybody,162,5,7
207893,"LipDub - Undone - Weezer (in Paris)",anybody,103273,113,299
207927,"lipdub: Final Fantasy remix of Stars - Your Ex-Lover is Dead",users,444,11,7
207982,"huge poptart",anybody,313,5,7
208039,"Centre Le Corbusier",anybody,409,1,8
208041,"2cts Holwerda",anybody,95,7,9
208051,"One Minute of Zurich",anybody,300,6,10
208107,"Island in the sun - Weezer Lip Dub in the sun",anybody,1027,24,25
208124,"oh Canada",anybody,184,4,9
208156,"LipDub FOREIGN LANGUAGE",contacts,274,20,9
208238,"Prank turned Gift",anybody,129,7,6
208278,"Inside the Mind of Scruff",anybody,124,17,6
208287,"genesis giving victoria her flower",anybody,152,11,8
208292,"for victoria",anybody,165,12,9
208322,Holwerdaaaaaa,anybody,120,7,6
208390,"Davey Dance Blog -23- FRANKFURT - Tenacious D - ",anybody,3371,5,17
208446,"Davey Dance Blog -25- MAINZ - The Blood Arm - ""Suspicious Character""",anybody,2971,5,29
208491,"Spanish Reggae (I'm diggin' it)",contacts,381,33,18
208594,"Shook - Over the Pond official trailer",anybody,9505,6,10
208615,"The Bat",password,460,28,28
208718,"Vegas Rules Promo ",anybody,275,13,8
208745,"Lipdub: Slow Like Honey",anybody,323,25,9
208807,_silent_walking_B,anybody,141,18,15
209049,"trying to sing Maggie...",contacts,135,18,7
209303,"A Graduation",password,298,26,12
209372,"Lip-Dub: Alkaline Trio",anybody,805,2,7
209415,"5 Vignettes",anybody,146,14,12
209436,"Audrey & Rayne: Swimming",anybody,356,10,9
209526,Shadow,nobody,146,13,10
209531,Cicadas,anybody,195,22,8
209533,Walk,nobody,154,16,6
209569,Wormhole,anybody,126,3,6
209573,"Congrats to Jakob, Zach and Duplo on your 60 Minutes appearance!",anybody,332,33,17
209625,"Sorry Alex",anybody,172,9,8
209668,"Birth year project - 1959",anybody,157,21,15
209670,Bamfafied,anybody,270,5,8
209676,"Marsh @ Sunset",anybody,93,16,15
209685,"90s Party - Part 2",anybody,235,3,6
209724,"Negotiations Trailer",anybody,172,2,8
209739,"I Never Thought You'd Come & Go",anybody,152,7,6
209909,"Why I Like You (chriskalani, themarkpike, PEIKA, BikiniArtist)",anybody,527,32,28
209940,"Animation Demoreel - June 2007",anybody,945,4,6
209957,"Dog Watering",anybody,130,23,11
210030,"hamster wheel",anybody,295,6,9
210211,"Alain and Ann dancing lindy hop",anybody,301,1,6
210222,Outside,anybody,130,6,6
210242,"lip dub Saturday",anybody,452,6,6
210283,"Daisy - Water Fun",anybody,78,16,14
210303,"KNUT | Neon Guide",anybody,478,0,9
210333,"Low Maintenance",anybody,159,15,11
210545,"liquid sunshine",contacts,1772,4,15
210563,"prepping elsie for the ride",anybody,194,13,12
210581,"Tree animation!",anybody,476,3,9
210609,"it's tomorrow, SOMEWHERE",anybody,187,16,18
210689,"first week of summer",anybody,4591,5,7
210770,"Keith Kin Yan mograph/VFX reel 07",anybody,552,10,9
210799,"Close Act : XL Insects",anybody,575,3,9
210815,Brownies,anybody,182,10,12
210824,"DSC Promo 2",anybody,3837,3,8
210919,"Klingatrons Mitchell Alley Stencil",anybody,234,2,7
211009,to(ro)nto,anybody,115,5,7
211053,"Dana's Stand-up",anybody,643,4,6
211104,"Video of the Week: Walking Around",anybody,1757,26,22
211277,"Lip Dub - Mariah Carey Fantasy",users,302,8,14
211395,"Happy Birthday PEIKA!!",anybody,141,14,8
211405,"Vimeo Education",anybody,147,11,8
211406,100,anybody,194,24,17
211430,"silly project: OBAR",anybody,225,16,8
211435,"Goalproving - Apple Store (Step 1)",anybody,617,33,19
211448,"day 1",anybody,102,9,6
211532,"The Preparation (Bonnaroo Music Festival-- Part. 1)",contacts,324,14,6
211579,Inchy,anybody,178,8,22
211604,"Painting in the Basement",anybody,186,4,11
211624,"vodkawater: can you answer me?",anybody,482,4,6
211666,"rope swing!",anybody,501,12,7
211680,"Birds over West Lakeview, Chicago, IL",anybody,195,7,10
211691,Peephole,anybody,490,4,10
211709,"I'm being nerdy again!",anybody,79,5,8
211713,"The Lament of Tom",contacts,98,10,6
211765,"1996- The Year My Son Was Born",anybody,402,24,34
211889,"Soda Chaos",anybody,1041,22,10
211906,"Bathroom tour: Padded Bras",anybody,601,16,9
211933,"The Candy Song: ""Charlie the Unicorn"" Lip Dub",anybody,666,15,19
211937,"Together We Stand",contacts,126,8,10
211981,"At Work",contacts,146,18,7
212002,"Popping Bubbles",anybody,108,3,7
212100,"VOTW: walking around",contacts,64,6,8
212122,"Worker's Block for Posalooty",contacts,177,15,23
212151,sunglasses,nobody,326,19,25
212164,Animation,anybody,1110,1,6
212246,"The Other Car",anybody,162,10,12
212286,"Memories of Fantasies Forgotten",anybody,5976,74,177
212295,Insomnia,anybody,83,10,8
212305,BOX,anybody,235,16,9
212344,"Way-to-Work Fun",anybody,316,9,9
212350,"Double Dutch",anybody,141,5,6
212355,"Video of the Week: Walking around(kinda?)",anybody,165,9,6
212360,"Rhododendron 5 X 5",anybody,87,11,7
212383,"My Work Day by Mr B",anybody,63,12,7
212424,"A tragedy",anybody,218,12,6
212464,"Vimeo Resolution",nobody,488,11,7
212470,"Holwerdaaa! - GH2 Style - ",contacts,298,7,6
212723,"Nola Chaplin",anybody,213,4,7
212885,OWOOOOOGA!!!!,anybody,178,14,8
212993,1962,anybody,92,8,9
213013,"One Minute of Geneva, Switzerland",anybody,121,6,8
213035,"family fauxtograph",anybody,185,5,8
213073,"The Joels Talk Video Sharing Sites",anybody,135,17,14
213087,"One Minute of Bern, Switzerland",anybody,277,8,9
213088,"Inspiration, where are thou?",contacts,322,31,22
213122,"Trick on Gert",anybody,637,11,10
213301,"Too Many Puppieeeeeez",disable,478,22,15
213337,"That's What I Like About You",nobody,532,14,19
213371,Pamplona,nobody,368,24,33
213418,"Christopher! Do you want to see my pineapple?",nobody,66,2,6
213430,"Making fun of Andy Goldsworthy",anybody,561,5,6
213433,"What I think about YOU (project)",nobody,516,36,40
213465,"Strange Fruit : Absolute Pearl",anybody,1641,4,25
213572,"bean bag assembly line",anybody,80,1,6
213635,"Bobby Brown Goes Down - Lip Dub",contacts,158,6,10
213708,"Why I Like You",anybody,227,26,6
213710,"What I Like About You (Project)",contacts,203,14,12
213756,"Richard Moross of Moo.com",anybody,637,7,9
213760,"Boys Vs Girls",anybody,1682,16,9
213790,"Last Harvest",anybody,287,2,7
213796,"street performance in victoria",anybody,177,10,13
213810,pencil_Evanildo_1,anybody,252,0,7
213826,"Jakob and a Rebecca hanging hard",anybody,10408,28,44
213919,"Throw Away",anybody,3039,8,6
214019,"Boys Vs. Girls",purgatory,76433,130,290
214054,"Liszt, Feux Follets, S.139, R.2b, #5",anybody,3530,7,22
214102,"Scruff_E_Guy's College Years",anybody,127,17,6
214337,"Condemned US Customs Office Tour",anybody,153,8,6
214431,"Broken Brakes (good bad)",anybody,221,11,7
214435,"Barenaked Ladies Lip Dub on a mucky Day",anybody,310,17,9
214486,"text message",anybody,188,13,7
214492,"Facial Expression Commentary - ""Teachers""",anybody,292,1,6
214497,"A tour of my new apartment",anybody,399,22,7
214512,"Head Dub",anybody,739,6,10
214556,"Birth Year Project: 1981",anybody,173,32,16
214566,"Dune Buggy",anybody,447,8,9
214600,"Video of the Week: Walking around",anybody,355,16,9
214604,"Music Tree",anybody,445,2,6
214605,"Zooomr Sticker Making",anybody,1390,6,9
214640,lol,anybody,1313,4,6
214643,"Why I like YOU!",contacts,542,77,28
214744,"Happy Father's Day!",anybody,147,17,10
214790,"5x5 (6)",anybody,141,8,8
214858,"trick on wes",anybody,145,10,6
214875,"niki croft seventies promo",anybody,2712,0,6
214887,"Snowed in at The Valley Hostel in Lauterbrunnen, Switzerland",anybody,252,4,9
214897,"Walking to the Waterfalls near Lauterbrunnen",anybody,403,6,9
214911,"TrÃ¼mmelbach Falls in Switzerland",anybody,529,7,7
214954,"what i like about YOU (dalas verdugo, AA, bednarz)",anybody,326,26,9
214997,"""Red River, Straw Hat"" Scott King",anybody,147,14,12
215000,"World's Shortest Radio Program",anybody,105,12,8
215199,"the epsteins & friends goto Louisiana",anybody,303,10,6
215216,"Town fest (Fete dans la ville)",anybody,660,40,22
215328,"Sunday is Motion day!",anybody,840,9,10
215329,"Leekspin Remix",anybody,996,5,6
215354,"Disney Dub: What's This",anybody,222,15,10
215427,Artifacts,anybody,116,8,10
215455,"Resting on a Sunday afternoon",anybody,158,10,7
215484,"10sq - Andre - Which superhero would you marry and why?",anybody,235,12,10
215510,"""Officer Kincaid"" Scott King on the show",anybody,157,4,7
215539,"WHAT I LIKE ABOUT YOUS GUYS",anybody,286,19,9
215562,"My Self Indulgent 50th Clip!",anybody,89,19,13
215677,"the energies of your lives will blend into harmony and oneness",anybody,175,9,7
215729,"Web 2.0 y EducaciÃ³n",anybody,6551,0,8
215773,"2007 Father's Day Crawfish Boil",anybody,171,3,7
215850,"Wii Remote + Processing",anybody,3352,3,10
215892,"Kickflip into grass",anybody,3441,13,8
215917,"flip cup",anybody,773,24,9
215930,"Park Discovery!",anybody,114,20,6
215951,"Roselle hd",anybody,2642,3,8
215972,"Porcupine Tree - Fear of a Blank Planet",anybody,879,0,11
216012,"Ghosthustler - Parking Lot Nights",anybody,5189,20,41
216025,"Dane Cook Lip Dub - Dream House",anybody,1350,46,38
216128,"Lutheran Hospital's first kidney transplant",anybody,2305,9,6
216141,"seven more weeks",nobody,445,32,53
216154,"A long Dream",anybody,98,13,9
216186,Vacation,anybody,149,16,22
216237,"First test with both chars in temp set.",anybody,239,3,11
216297,"Caterpillar Trouble",anybody,207,6,10
216365,"These Cats are Awesome",nobody,123,6,7
216379,"Annie are You OK?",anybody,695,14,6
216391,"Things to do while in Japan",anybody,225,9,8
216429,"how we talk II",anybody,207,4,6
216545,"PDX Bike Ride",anybody,139,3,6
216551,"Intellectual Masturbation",nobody,189,27,14
216578,"Thug Life Jamesy from the LBC",anybody,216,4,6
216807,"Shaking Heads",anybody,720,9,10
216812,"man kan bara ana!",anybody,192,9,9
217000,Baltimore,anybody,343,23,9
217008,"Vanessa's Dumpling House (14st between 2nd and 3rd)",anybody,10682,23,32
217023,"coca cola",anybody,1383,1,6
217074,"NSF 3 First Trailer",anybody,1451,1,6
217116,"Jive Bender",anybody,118,8,8
217150,"Tom, Flow",nobody,242,39,8
217227,Momentary,anybody,233,12,9
217265,"Attention! Achtung! Atencion!",anybody,4482,4,6
217322,"Me Interfering with Migration.",anybody,301,33,19
217329,"silly marshmallows",anybody,108,11,6
217335,"he loves me (not)",nobody,150,5,7
217403,"Kingda Ka",anybody,2352,4,8
217427,"My Main Concern on June 20th, 2007",anybody,152,16,12
217443,"Faneuil Hall Effects",anybody,132,6,8
217499,"Belly Laughing Baby",anybody,186,11,11
217550,"What I Like About You",purgatory,6314,73,96
217565,"My First Commercial Ever.. aww.",anybody,604,2,6
217572,"Foundation - Cataclysmic Abyss - 9. Corey Duffel part",anybody,3745,3,11
217583,"How to make a crappy video good!",anybody,278,9,9
217619,"Wired for Sound!",anybody,337,4,6
217653,Stuff,anybody,560,5,7
217778,"things that make you go aahh!! : Spiders",contacts,331,25,13
217795,"Me Out to the Ballgame",contacts,130,18,11
217796,"Badmalone V Jesus",contacts,153,25,17
217813,"Bang Bang in the Anus",users,1748,16,9
217853,"La la la lalala",nobody,121,4,8
217893,"Elementary my dear Watson !",users,31161,49,88
217912,"I wish",anybody,215,5,10
217915,"Sounds like...",anybody,201,3,7
217931,"One chew pwee paul pie pshiiit seven !",users,5177,12,20
217990,"The Clock",anybody,188,12,10
218029,Canadee-i-o,anybody,622,4,6
218092,Nectar,anybody,146,20,11
218108,"More Music @ the Moore 2007 Short Documentary",anybody,304,26,24
218148,"ring of fire",anybody,199,17,8
218195,"Roller Disco at Studio B / SEAN'S ROLLER BIRTHDAY",contacts,166,11,6
218305,"Dramatic Jackson",anybody,425,3,7
218341,Immigrants,anybody,592,5,10
218414,"Bad french lessons - The colors",anybody,282,18,20
218463,"Stuck Inside My Head (Project)",anybody,160,11,8
218529,"DATA: RECORD-SPLINTER-SCRAMBLE",anybody,818,7,19
218576,"Marmite/Marmot Educational Experience",anybody,167,10,10
218599,"Evening Sky Ride",anybody,86,17,8
218601,"Lights on September 11th",anybody,232,3,10
218609,"Trails Documentary",anybody,1022,4,8
218766,"free hugs",anybody,156,9,6
218814,"Goalproving - Apple Store (Step 2)",anybody,255,17,9
218839,"Dramatic Chipmunk Re-enactment",anybody,13987,10,12
218866,"Miss You Kansas",anybody,117,6,6
218872,"Thought Space - What I Like About You",anybody,701,48,38
218881,"CollegeHumor's Hottest College Girl Party 2007",contacts,11076,21,40
218959,"Lip Dub - Remedy",nobody,1459,41,30
219007,zoetrope,anybody,1493,0,6
219134,"Touch A Star",anybody,66,13,7
219141,"Things i like about you!",anybody,1383,13,9
219156,"DayByDay Month 1",anybody,115,13,6
219237,"B-Rated ep. 1: The Wickeds",anybody,597,7,7
219286,"Nanook of the North Rocks the Party",nobody,538,9,17
219323,"DeliciousSandwich.com Commercial #2!",anybody,21418,60,67
219399,"On The Way To The Post Office",anybody,145,21,8
219430,"Special Announcement",anybody,110,20,7
219455,"Baby Joy Division",anybody,1202,6,10
219460,"Workin On Sumfin",nobody,93,21,19
219498,"5 Vignettes",anybody,127,5,7
219507,"Lava...Hot Lava!",anybody,319,4,9
219525,"Today in Our Backyard 062207",contacts,119,21,8
219563,"jay z",anybody,622,2,6
219592,"Snakes on an Obar",anybody,120,16,8
219593,"iPhone Parody",nobody,602,16,26
219598,"Chris gives advice",anybody,61,6,6
219627,"The Beginning",anybody,147,13,17
219633,"Nate & Jer - Nickel Creek",anybody,84,6,7
219642,Morning,anybody,133,12,9
219690,"Dance Nathan Dance",anybody,380,12,10
219693,"Artery: opening test 2",anybody,109,4,7
219724,"Switzerland - Coop Supermarket Buy",anybody,496,13,12
219762,attempts,anybody,258,5,8
219771,"Dancing with Iraqis",anybody,969,7,9
219790,Omnibus,anybody,1135,0,10
219887,Downtown,anybody,106,12,7
219911,"Panda Bear 6/22/07",anybody,1000,0,7
219993,Money,anybody,165,11,6
220034,"Dan Deacon @ Holocene",anybody,234,13,9
220131,"Four Fifty One Tour: Memphis",anybody,390,3,6
220135,"i believe in traveling light",nobody,416,47,37
220272,"Sunday Morning",anybody,181,10,9
220329,"finding jchap at shibuya station....",anybody,152,20,10
220356,"a brief encounter",anybody,224,5,8
220413,"Rebel without a cause",anybody,174,8,6
220456,"Catch It",anybody,302,1,6
220474,"Amiens' Cathedrale : Part 2",anybody,183,24,14
220502,"dog meow movie",anybody,150,3,7
220568,Bumblebee,anybody,131,16,8
220721,"5 (cloud) Vignettes",anybody,144,6,10
220790,"Je n'aime pas ta copine: Stuck in my head project",anybody,199,23,7
220890,"What I Like About You",nobody,138,12,9
220943,"MORE FUN THAN YOU CAN SHAKE A STICK AT",anybody,201,29,18
221057,CK,anybody,1069,3,9
221073,"Working on a corkscrew",anybody,575,13,8
221082,"Roadtrip: Day 1",anybody,566,12,9
221089,Ka-Boom,anybody,81,4,7
221133,"Little Bums",anybody,194,14,6
221179,"A Pam Style Video Blog",anybody,142,17,6
221215,"Apes and Androids - Hot Kathy - Two Drummers!!!!",anybody,224,1,6
221229,"the undergrowth",nobody,204,34,22
221233,"Talem Cowart SixtyFold Commercial",nobody,1106,0,9
221243,"Epuron Wind",anybody,943,0,10
221274,"Step By Step Guide To Eating Vegemite",anybody,274,46,17
221342,"Golden Gates",anybody,240,4,7
221351,"Beach Etiquette ",anybody,681,7,6
221373,"Soy Delfino",anybody,240,14,6
221408,"Duplo Jump",anybody,707,13,6
221433,"Adventure in the Trailer Park!",anybody,438,19,20
221495,"The apple of my eye",users,7201,42,32
221563,"how to whistle using your fingers",anybody,6231,52,28
221620,"Showing the kids how its done -- by Ryan Brown",anybody,415,28,16
221624,"Apocalypse Now and Then",anybody,230,9,10
221686,"The Rapture- ""Pieces of the People We Love""",anybody,3868,9,47
221693,"The Rapture - ""Whoo! Alright! Yeah! Uh-huh!""",anybody,6765,25,101
221721,"The Rapture - ""Get Myself Into It""",anybody,3399,1,30
221737,"Too Many Puppies",anybody,300,5,9
221744,"Rapture Tour Promo",anybody,575,0,10
221751,5x5=3,anybody,143,8,6
221761,Camping,contacts,81,43,13
221786,"Are You Scruff Enough?  (Campaign Advertisement)",anybody,116,26,8
221791,"Deaf and Blind: Street Granny Hustlaz",anybody,318,19,25
221815,"High Definition Montage",anybody,607,8,6
221907,"Reptile Planet",anybody,176,8,14
221938,"uuhm... singing?",anybody,102,8,6
221999,"Girlfriend: Rap version ",anybody,409,39,9
222077,"Karma Chameleon",anybody,186,5,12
222079,"Overnight Celebrity - Beach Lip Dub",anybody,11094,32,43
222174,"Destiny Calling Done Backwards",anybody,220,9,13
222190,"Please Support Zooomr",nobody,799,2,6
222297,"Dancing Lemonhead!",anybody,241,7,6
222299,"PPPPPPPPPPPTFSY 68898_----_",anybody,238,4,7
222339,"i wonder what babies understand",anybody,155,6,6
222521,"Irrational Fears",anybody,509,2,8
222536,"Kansas. hairnet. mustache.",anybody,74,9,6
222587,"The Joels Talk About V5 Of Vimeo",anybody,140,27,26
222758,Weather,anybody,150,7,8
222838,"3 clips from Glastonbury",anybody,284,10,6
222906,"Mega Monopoly: A Tour",anybody,245,7,9
222923,"cutting tapes",anybody,348,2,6
222974,"Pizza Infinity Audio Podcast #005 Video Supplement",anybody,237,9,8
222994,"Nokia - Connecting People",anybody,392,7,10
223159,"Vimeo Bros",anybody,138,39,23
223186,"Breakfast Is On Us.",nobody,674,5,6
223218,"Monkey & Bear",anybody,378,7,9
223233,"Two Cute Nieces (Ted!'s)",anybody,155,6,6
223264,"Interview: Guy Waiting for an iPhone",anybody,706,9,6
223297,"Broken Wing (portion) Rex Fowler",anybody,74,4,6
223340,"Swimming pool fauxtograph",anybody,262,4,10
223359,"Curse ov Dialect - Bury Me Slowly",anybody,781,4,17
223363,"LoobyÂ´s Fanpost",anybody,47,13,10
223368,"motion graphics",anybody,1151,0,9
223374,"Jump in",anybody,188,8,16
223406,"Lulu Mushi - Cartwheel",anybody,498,3,10
223412,"Invention Freestyle",anybody,68,4,6
223431,"the old man is snoring. and so are we.",anybody,198,8,11
223473,"Momo in holidays",anybody,200,28,18
223505,"A Better Way to wrap headphones w/ Music",anybody,17368,0,19
223575,Bus,anybody,215,9,7
223578,Grandma,anybody,91,14,6
223605,Iceland,anybody,642,2,9
223616,"Fish Twitch",anybody,151,12,6
223661,,anybody,595,12,9
223691,"Caural - Lake",anybody,353,2,8
223705,"Boy In Static - Where It Ends",anybody,161,0,6
223734,haircut,anybody,112,7,7
223767,"Clue to Kalo - The Just Is Enough",anybody,110,0,7
223789,"One week and no blogs later...",anybody,344,11,16
223837,"The Nothing Something Funny Continuum",contacts,130,17,12
223863,"All Shook Up: Looby Fan Post",anybody,94,7,8
223868,,anybody,77,3,6
223916,"Gonna Be A Star",anybody,99,25,11
223965,"Time Lapse: Baconator!",anybody,296,9,8
224048,"A Seagull Eating A Rat.",users,474,58,13
224143,"Shell Ferrari Formula 1 commercial",anybody,2962,2,9
224196,"The Journey (Bonnaroo Music Festival -- Part 2)",contacts,174,18,8
224227,"Helmet Hair",anybody,131,3,10
224322,"A walk...",contacts,246,30,28
224356,1977,anybody,223,11,8
224362,"Gold Cup Final",anybody,209,12,6
224430,"Remi Bakkar Demoreel",anybody,161,3,6
224450,"Sample from Terminal01 Installation",anybody,376,2,7
224452,Loader,anybody,169,6,13
224545,"A fond farewell to a friend",anybody,149,16,18
224885,"Bridge to Ballyhoo: The Story of Sakuzaku's iPhone Acquisition (Part I)",anybody,136,2,8
224962,"four and breeze",anybody,108,5,6
224971,"Big Animals",contacts,311,28,35
225009,"Red Velvet Cupcake # 1",anybody,198,18,7
225020,Vacation,contacts,84,15,10
225044,"Vignettes 1",anybody,384,5,9
225098,"Cloud  Timelapse",anybody,329,5,10
225119,"Ryan's dock handstand",anybody,1338,12,10
225137,RiviÃ¨re-aux-poule,anybody,118,22,19
225334,"Relax - Mika",anybody,420,4,7
225408,"Wings and ripples",anybody,122,9,6
225432,"The World History of the Orange",anybody,464,5,18
225513,"Voronoi Video",anybody,4092,8,10
225563,"Dev Works It w/ Special Guest Sarah",anybody,4433,30,49
225610,"The Be Good Tanyas ""Human Thing"" ",anybody,618,4,6
225712,"For Sarah's Birthday - Papas Fritas",anybody,425,13,16
225725,"Michael Nakajima Video Blog: The Application (with English Subtitles)",nobody,167,17,18
225747,"iPhone first call",anybody,115,7,6
225760,"rooftop mola dance ",anybody,565,1,6
225776,"Carla Bruni et Jean louis Murat",anybody,469,5,6
225889,"Vimeo 5 Vertical Clip 02",anybody,87,9,11
225939,"Vimeo Version 5",anybody,83,3,8
226049,"Projet Anniversaire Sarah - Herman DÃ¼ne",anybody,129,1,6
226100,"OFF THE FIELD",anybody,5469,1,10
226307,Chase!,anybody,92,7,7
226421,"OBAR vs NOA: Dance Off!!! (obar's dance)",anybody,118,18,14
226446,"beware of simon",anybody,140,19,8
226458,"SSD 2097 (english subtitles)",anybody,371,4,10
226650,Untitled,contacts,54,8,6
226751,Round,anybody,477,6,10
226855,Instrumental,anybody,198,36,14
226862,"iPhone: Now Playing - Not Vimeo -",nobody,167,26,9
226921,"Just UPSin' It",contacts,3247,96,116
227028,Roadkill,anybody,126,15,14
227095,"Ride up",anybody,112,20,8
227096,"Arcade Madness",anybody,50,4,6
227126,"A mix of Time-Lapse's",anybody,207,3,6
227260,"Seville girl",anybody,313,15,7
227346,Armbreak,anybody,180,8,7
227357,"fast mo: sometimes i can move very quickly",anybody,280,15,26
227417,"Focus   (read the caption first)",anybody,1291,33,45
227450,"MyBlogLog Founders at TechStars",anybody,3029,3,15
227581,"5x5 Boardwalk",anybody,282,9,6
227697,"Foot Race!",anybody,188,7,8
227906,"Freelinin' in Central Park",contacts,228,12,21
228038,Sasquatch,contacts,67,12,8
228061,Fauxtograph,users,2724,6,10
228080,"Nonsensical Ramblings Late Sunday Night",anybody,75,22,6
228144,"ThE AsTRoTriPPeR",anybody,381,4,10
228169,"35 seconds of street",anybody,2450,2,10
228341,"The day my wife met Mark E. Smith on a train.",anybody,754,37,25
228345,"On my way to work ( under the umbrella ) 070702",anybody,74,6,6
228474,"Apes & Androids Live in Wellsville NY",anybody,421,11,6
228499,"Pure Evil",anybody,158,8,10
228523,"Lipdubbin': Tymps (The Sick in the Head Song) - Fiona Apple",anybody,1151,63,22
228538,"RepRap X Axis Lives!",anybody,2200,3,10
228568,"Riding bikes with Dad",anybody,168,7,7
228698,5x5,anybody,415,0,6
228699,"Why I like you (What I like about you)",contacts,720,50,37
228823,"A few of My Favourite Things...",anybody,804,25,25
